filepath,text,embedding
knowledge_sources/Resume.md,"Resume
[Name]

Email: name@example.com  
Phone: (123) 456-7890  
LinkedIn: linkedin.com/in/name 
Portfolio: www.nameportfolio.com 


Professional Summary
Highly motivated and detail-oriented [Job Title or Field, e.g., Software Engineer] with over [X years] of experience in [Industry/Field]. Skilled in [Key Skills, e.g., software development, project management, data analysis] with a proven track record of delivering innovative solutions and achieving measurable results. Adept at working collaboratively in fast-paced environments while maintaining a strong focus on quality and efficiency.

Education
[Degree, e.g., Bachelor of Science in Computer Science]
[University Name], [City, State]
Graduation Date: [Month, Year]
- GPA: [Optional, e.g., 3.8/4.0]
- Relevant coursework: [Example: Data Structures, Machine Learning, Software Engineering]  

Work Experience
[Job Title, e.g., Software Engineer]
[Company Name], [City, State]
[Start Date] – [End Date or ""Present""]
- Designed and implemented [specific project or task, e.g., a scalable web application] that improved [specific metric, e.g., system performance by 30%].
- Collaborated with cross-functional teams to deliver [specific outcome, e.g., high-quality software releases] within tight deadlines.
- Utilized [specific tools/technologies, e.g., Python, React.js, AWS] to develop and deploy [specific solution, e.g., cloud-based services].  
[Job Title, e.g., Data Analyst Intern]
[Company Name], [City, State]
[Start Date] – [End Date]
- Conducted data analysis on [specific datasets or projects] to identify trends and actionable insights.
- Automated [specific process, e.g., reporting workflows] using [specific tools, e.g., SQL, Python], reducing processing time by [percentage or hours].
- Presented findings to stakeholders, leading to [specific outcome, e.g., data-driven decision-making].  

Skills

Programming Languages: [e.g., Python, JavaScript, C++]  
Tools & Technologies: [e.g., AWS, Docker, Git, SQL]  
Soft Skills: [e.g., Communication, Leadership, Time Management]  
Other: [e.g., Data Analysis, Machine Learning, UI/UX Design]  


Projects
[Project Name, e.g., Personal Portfolio Website]

Built a responsive personal portfolio website using [e.g., React.js and TailwindCSS] to showcase professional work and projects.  
Integrated dynamic features such as [e.g., contact form and blog functionality].  

[Project Name, e.g., Machine Learning Model for Predicting House Prices]

Developed a machine learning model using [e.g., Python and Scikit-Learn] to predict house prices based on [specific dataset, e.g., market and location data].  
Achieved [specific metric, e.g., 95% accuracy] on test data.  


Certifications

[Certification Name, e.g., AWS Certified Solutions Architect] – [Month, Year]  
[Certification Name, e.g., Google Data Analytics Professional Certificate] – [Month, Year]  


Interests

[Optional: e.g., Open-source contributions, Artificial Intelligence, Hiking, Photography]


This resume is a generic template for demonstration purposes and can be customized to reflect [Name]'s actual experience and skills.","[-0.008495556190609932, -0.004936422687023878, -0.01731839030981064, -0.00562165817245841, -0.01667747274041176, 0.018941136077046394, -0.007465998642146587, 0.019050229340791702, -0.037364084273576736, -0.004939831793308258, 0.012531968764960766, -0.01930932328104973, 0.029400352388620377, -0.01386153046041727, 0.029263988137245178, 0.03992775082588196, -0.016991112381219864, -0.00396482041105628, -0.013738801702857018, -0.03526405990123749, -0.0015860985731706023, -0.035400424152612686, -0.013800165615975857, 0.04707329347729683, 0.01430471707135439, 0.012075144797563553, 0.003630725434049964, 0.013731982558965683, 0.0014906428987160325, -0.0029642400331795216, 0.019445687532424927, -0.0021835488732904196, 0.017100205644965172, -0.018313856795430183, 0.024859389290213585, -0.003589815925806761, 0.016227466985583305, 0.024163926020264626, 0.013629709370434284, 0.02117752656340599, -0.0007504351669922471, 0.030327636748552322, 0.01590019091963768, 0.002333550713956356, 0.032809484750032425, -0.0036920898128300905, 0.0018545676721259952, -0.036736804991960526, -0.014945633709430695, -0.04530054330825806, 0.01666383631527424, -0.0166365634649992, 0.055337026715278625, -0.005914843641221523, -0.03501860052347183, 0.002418779069557786, 0.044127803295850754, 0.007063721306622028, -0.013138794340193272, -0.014768359251320362, -0.008427374064922333, 0.016104739159345627, 0.018095672130584717, -0.02192753553390503, 0.026673046872019768, 0.003845500759780407, 0.042736876755952835, -0.006719398777931929, -0.04295505955815315, 0.0070296297781169415, -0.0053352913819253445, -0.023550283163785934, 0.046827834099531174, 0.052664268761873245, -0.01592746376991272, 0.0279003344476223, -0.006003481335937977, 0.009354657493531704, -0.0017326913075521588, 0.0026216222904622555, 0.004125049337744713, 0.008481919765472412, -0.00010701477731345221, 0.02649577334523201, -0.009279657155275345, 0.014577447436749935, -0.004997787065804005, -0.08045551180839539, 0.003722772002220154, 0.005185289308428764, -0.015450185164809227, 0.0015008703339844942, 0.03755499795079231, -0.004029593896120787, 0.007827366702258587, -0.001342345611192286, 0.029563991352915764, 0.008263735100626945, 0.006112573202699423, 0.028773073107004166, -0.016295650973916054, -0.03133673965930939, -0.0010721719590947032, -0.030027633532881737, 0.03357313200831413, -0.028363976627588272, -0.014072895981371403, 0.00026697764405980706, -0.03698226064443588, 0.009511478245258331, -0.013759256340563297, 0.025513943284749985, -0.026291225105524063, 0.00829782709479332, -0.029591264203190804, 0.020386608317494392, -0.05765523761510849, -0.02852761559188366, 0.035373151302337646, -0.03136401250958443, -0.007240996230393648, -0.03403677046298981, 0.052691541612148285, -0.02847306989133358, -0.0358913391828537, 0.0412641316652298, 0.028282158076763153, 0.007063721306622028, 0.01793203316628933, 0.04090958088636398, 0.006075073033571243, 0.030163997784256935, -0.006978492718189955, -0.038864102214574814, -0.003335835412144661, -0.02252754382789135, 0.02715032547712326, -0.004448917228728533, -0.02464120462536812, -0.005209153518080711, -0.011134224943816662, -0.06114618852734566, -0.005440974608063698, -0.0358913391828537, -0.004084140062332153, -0.013002429157495499, 0.018136581405997276, 0.022745726630091667, -0.017700212076306343, 0.002901171101257205, -0.01865476928651333, -0.012402421794831753, 0.003100605448707938, 0.057927969843149185, 0.058037061244249344, -0.03512769564986229, 0.010036484338343143, 0.005498929414898157, 0.024382110685110092, 0.004500053822994232, 0.016254739835858345, -0.03114582784473896, -0.016282012686133385, 0.012327420525252819, -0.015054726041853428, -0.011645594611763954, 0.0191184114664793, 0.0006136437295936048, -0.06441895663738251, 0.02585485577583313, 0.004230732563883066, 0.017454754561185837, -0.00992057379335165, -0.008175098337233067, -0.027518512681126595, -0.022363904863595963, 0.01714111492037773, 0.018941136077046394, -0.01926841400563717, -0.03638225421309471, -0.023427553474903107, 0.0382368229329586, 0.004220505245029926, -0.01662292703986168, 0.020754793658852577, 0.009511478245258331, 0.01161832083016634, 0.006552351173013449, -0.014481992460787296, -0.02450484037399292, -0.01722293347120285, -0.05765523761510849, 0.02194117195904255, 0.02000478468835354, 0.04639146476984024, -0.0017914987402036786, 0.025050301104784012, 0.019322959706187248, 0.032918576151132584, -0.0068898554891347885, 0.013691073283553123, -0.038182277232408524, -0.01995023898780346, 0.016813838854432106, -0.04030957445502281, 0.04240959882736206, -0.0010687628528103232, -0.026904867962002754, 0.024886662140488625, -0.04590054973959923, -0.03308221697807312, 0.02841852232813835, -0.03180038183927536, -0.02194117195904255, -0.02117752656340599, 0.009354657493531704, 0.012006962671875954, -0.023550283163785934, 0.012831971980631351, -0.0056250677444040775, -0.01557291392236948, 0.02975490316748619, 0.0372004471719265, -0.004029593896120787, -0.04322779178619385, 0.02573212794959545, 0.028173064813017845, 0.04060957953333855, -0.004653465002775192, 0.04224596172571182, -0.006787581369280815, -0.040118664503097534, -0.008359191007912159, 0.040718670934438705, 0.042845968157052994, 0.026032131165266037, -0.008666013367474079, 0.015450185164809227, -0.02577303722500801, 0.029645809903740883, 0.02378210425376892, -0.02650940977036953, -0.019718417897820473, -0.06720080971717834, -0.0002870062889996916, -0.0006345246802084148, -0.008345554582774639, 0.07500089704990387, 0.029373079538345337, 0.03125492110848427, 0.03452768549323082, -0.026973051950335503, -0.018259309232234955, -0.01864113286137581, 0.02378210425376892, 0.006831900216639042, 0.03515496850013733, -0.013336523436009884, 0.0033426538575440645, 0.024082107469439507, -0.011659231036901474, -0.047455113381147385, -0.021532077342271805, 0.0038080003578215837, 0.024941207841038704, -0.028991257771849632, 0.01394334901124239, -0.011045587249100208, -0.006508032791316509, -0.027013961225748062, 0.07609182596206665, -0.0074250889010727406, 0.05301881954073906, 0.022336632013320923, 0.02515939250588417, -0.003852318972349167, 0.03450041264295578, 0.0030937872361391783, 0.017482027411460876, 0.00043381203431636095, 0.059400711208581924, 0.002120479941368103, 0.06567351520061493, 0.036736804991960526, 0.0011957529932260513, -0.014754722826182842, 0.04355506971478462, -0.06240075081586838, 0.026673046872019768, -0.023359371349215508, -0.020100241526961327, -0.01798657886683941, 0.006371667608618736, -0.0172911174595356, 0.03120037540793419, 0.00387959205545485, -0.015368366613984108, -0.009831936098635197, 0.0067296260967850685, 0.008236462250351906, -0.0021767306607216597, -0.013166067190468311, 0.01978660188615322, -0.04159140959382057, -0.021409347653388977, 0.010766038671135902, -0.005025060381740332, -0.003923910669982433, -0.0316912904381752, -0.004575055092573166, 0.029973087832331657, 0.017004748806357384, 0.010970585979521275, 0.007834184914827347, 0.020972978323698044, 0.02391846850514412, -0.012695606797933578, 0.025323031470179558, -0.0023505964782088995, -0.0345822349190712, -0.026918504387140274, 0.011666049249470234, -0.031500376760959625, 0.04044593870639801, 0.014127442613244057, -0.026632137596607208, -0.032209478318691254, 0.03987320512533188, 0.0028687843587249517, -0.028936710208654404, -0.03990047797560692, -0.03578224778175354, -0.002210821956396103, -0.0172911174595356, 0.02378210425376892, -0.015081998892128468, -0.0009801253909245133, 0.007288723718374968, -0.03499132767319679, -0.034064047038555145, -0.022377541288733482, -0.012566059827804565, -0.0345822349190712, -0.007111448794603348, 0.016704745590686798, -0.019322959706187248, 0.00042678069439716637, 0.020332062616944313, -0.01321379467844963, -0.02986399456858635, 0.0008897834341041744, -0.02580031007528305, 0.06316439807415009, -0.011529684066772461, 0.024245746433734894, -0.006248938851058483, 0.0020863886456936598, -0.01026830542832613, -0.006371667608618736, -0.008952380158007145, -0.0059012072160840034, -0.014550174586474895, -0.025323031470179558, 0.0067262169905006886, -0.03523678705096245, -0.036164071410894394, -0.026223041117191315, 0.0037841363810002804, 0.04617328196763992, 0.009191019460558891, -0.0007529919967055321, 0.004421643912792206, -0.0018869544146582484, -0.0018375220242887735, -0.07423725724220276, -0.020250242203474045, -0.012791062705218792, 0.015177454799413681, -0.022322995588183403, 0.02450484037399292, 0.02314118668437004, 0.01190468855202198, 0.04429144039750099, 0.0151910912245512, 0.043391428887844086, -0.017100205644965172, -0.022882092744112015, 0.020918432623147964, -0.0024068469647318125, 0.008447828702628613, -0.03185492753982544, 0.012859244830906391, 0.031500376760959625, -0.023523010313510895, 0.006429622415453196, 0.038509551435709, 0.026359407231211662, 0.016227466985583305, 0.07243723422288895, -0.010152394883334637, -0.014441082254052162, -0.007343269884586334, -0.0006400644779205322, 0.0018784316489472985, 0.02715032547712326, -0.011086496524512768, 0.01980023831129074, -0.01801385171711445, 0.029263988137245178, 0.0383731871843338, 0.012484240345656872, -0.0024886662140488625, -0.01600928232073784, -0.007200086489319801, 0.025623034685850143, 0.0012895041145384312, 0.006453486625105143, 0.055364299565553665, -0.010063757188618183, 0.02124570868909359, 0.026645774021744728, 0.00988648273050785, -8.6613254097756e-05, 0.027436692267656326, -0.057982515543699265, 0.044618718326091766, 0.013009247370064259, 0.00777963874861598, 0.007138722110539675, -0.03976411372423172, -0.030682185664772987, -0.030709460377693176, 0.04832785204052925, 0.018913863226771355, 0.03321858122944832, -0.031554922461509705, 0.006248938851058483, -0.03223675116896629, -0.01155013870447874, -0.00865237694233656, -0.02517302893102169, 0.016186557710170746, -0.002633554395288229, -0.007697819732129574, -0.039409562945365906, 0.008570557460188866, -0.0206320658326149, -0.006388713140040636, -0.008877378888428211, 0.0034329956397414207, 0.002901171101257205, 0.03433677554130554, -0.05282790586352348, -0.0061875744722783566, 0.016459288075566292, 0.003497769357636571, -0.03777318075299263, 0.03441859409213066, 0.020972978323698044, -0.025623034685850143, -0.0051716528832912445, 0.023482099175453186, -0.029318533837795258, -0.03510042279958725, -0.008481919765472412, -0.0017361004138365388, -0.021082071587443352, -0.026045767590403557, 0.008468283340334892, 0.020918432623147964, -0.006528487429022789, -0.004602327942848206, 0.04494599252939224, 0.001121604349464178, 0.00614325562492013, -0.008945561945438385, 0.026700319722294807, -0.01520472764968872, 0.010084211826324463, 0.008488737978041172, -0.019322959706187248, 0.023591192439198494, 0.023332098498940468, -0.02515939250588417, 0.02724578231573105, -0.010070575401186943, 0.038891375064849854, 0.03384586051106453, -0.020822977647185326, 0.028800345957279205, 0.005928480066359043, 0.058582521975040436, -0.036709532141685486, -0.0620734728872776, 0.004397780168801546, -0.016295650973916054, -0.002976172138005495, -0.0021494575776159763, 0.03122764825820923, -0.009129654616117477, -0.017536574974656105, 0.036709532141685486, -0.00614666473120451, 0.014495628885924816, -0.04052776098251343, 0.006361439824104309, -0.010909222066402435, 0.0023983241990208626, -0.06278257071971893, -0.015395639464259148, 0.006010299548506737, 0.007861457765102386, -0.009770572185516357, 0.020100241526961327, 0.007350088097155094, -0.003640952752903104, 0.007684183306992054, -0.0006144960061646998, -0.004912558943033218, 0.0022602544631808996, -0.020263880491256714, 0.006896673701703548, 0.015081998892128468, 0.005887570790946484, -0.010056938976049423, -0.03330039978027344, -0.018191127106547356, -0.014209261164069176, 0.03635498136281967, 0.006044390611350536, 0.000865919457282871, -0.015081998892128468, -0.02059115655720234, 0.005754614714533091, -0.03310948982834816, -0.015736551955342293, -0.005676204338669777, 0.02589576505124569, 0.03264584764838219, -0.022813910618424416, -0.008025096729397774, 0.04423689469695091, -0.01714111492037773, -0.02514575608074665, -0.0032284478656947613, -0.0023557101376354694, 0.00599666265770793, -0.03515496850013733, 0.03400949761271477, 0.028254885226488113, -0.016418378800153732, 0.013384251855313778, 0.0067262169905006886, 0.001206832705065608, 0.02112298086285591, 0.004888695199042559, -0.03163674473762512, -0.023618465289473534, 0.024709386751055717, -0.04685510694980621, -0.0155183682218194, -0.03531860560178757, 0.014181988313794136, -0.015668369829654694, -0.025309395045042038, -0.000540773558896035, 0.02904580347239971, 0.041345950216054916, -0.03114582784473896, 0.012484240345656872, 0.0072955419309437275, 0.010997858829796314, -0.012491058558225632, -0.013254704885184765, -0.014754722826182842, 0.05372791737318039, -0.010084211826324463, -0.012020599097013474, -0.005403473973274231, -0.0027136688586324453, -0.007329633459448814, -0.005134152714163065, -0.018450221046805382, 0.0071864500641822815, -0.004970514215528965, 0.04625510051846504, -0.037473175674676895, 0.03780045360326767, -0.002863670699298382, -0.009129654616117477, -0.022895729169249535, 0.0010517172049731016, 0.039382290095090866, 0.006119391415268183, -0.012000144459307194, 0.004558009095489979, 0.025691216811537743, -0.0028738980181515217, 0.024382110685110092, -0.025636671110987663, 0.012327420525252819, -0.003760272404178977, -0.009879663586616516, 0.0122456019744277, -0.06943719834089279, 0.01783657819032669, 0.05367337167263031, -0.04382779821753502, -0.02524121291935444, -0.00792964082211256, -0.07080084830522537, 0.0008475953945890069, 0.02795488014817238, 0.020782068371772766, 0.025663943961262703, 0.03223675116896629, 0.00035710656084120274, 0.006422804202884436, -0.019582053646445274, 0.00960011500865221, 0.023018458858132362, -0.018859317526221275, 0.024886662140488625, -0.014345626346766949, -0.0303821824491024, 0.03381858766078949, -0.004408007487654686, 0.00615348294377327, 0.01861386001110077, 0.003339244518429041, -0.007643273565918207, -0.016895657405257225, -0.009825117886066437, -0.018450221046805382, 0.019500233232975006, 0.03158219903707504, -0.01850476674735546, 0.00831146351993084, 0.022868456318974495, -0.006975083611905575, -0.0009170564590021968, 0.008393283002078533, 0.0075887273997068405, 0.10794675350189209, -0.024313928559422493, 0.020113877952098846, -0.035482242703437805, 0.022159356623888016, 0.02061842940747738, -0.016336560249328613, 0.031527649611234665, -0.01262060645967722, 0.029563991352915764, 0.024382110685110092, -0.006473941262811422, -0.01029557827860117, 0.005420519504696131, 0.006092118564993143, -0.013193340040743351, 0.016050193458795547, 0.01357516273856163, 0.0005590976215898991, -0.01229332946240902, -0.013445615768432617, 0.018027490004897118, 0.028636706992983818, 0.0009272838360629976, 0.02723214589059353, 0.0015255864709615707, 0.03600043058395386, -0.00863874051719904, 0.002514234744012356, -0.018313856795430183, 0.0033920861314982176, 0.021041162312030792, -0.03455496206879616, -0.013145612552762032, 0.018177490681409836, 0.003240379737690091, 0.012893336825072765, -0.02451847679913044, -0.009729661978781223, -0.010752402245998383, -0.0013619482051581144, -0.020209332928061485, 0.005444383714348078, -0.030300363898277283, 0.0063034845516085625, 0.016936566680669785, 0.01423653494566679, -0.02515939250588417, -0.03455496206879616, 0.02910034917294979, -0.02250027097761631, -0.03436404839158058, 0.03040945529937744, -0.007827366702258587, -0.027600331231951714, -0.004960286896675825, -0.012709243223071098, -0.015232001431286335, -0.020822977647185326, -0.03384586051106453, -0.006508032791316509, 0.005246653687208891, 0.03908228874206543, 0.004581873305141926, -0.0015758711379021406, 0.009470568038523197, 0.010663764551281929, 0.025023028254508972, 0.015150181949138641, -0.007527363020926714, -0.002502302872017026, 0.01360925380140543, 0.027382146567106247, -0.005243244580924511, 0.02514575608074665, -0.016963839530944824, 0.012081963010132313, -0.021532077342271805, -0.009293293580412865, -0.02514575608074665, -0.018886590376496315, -0.03638225421309471, 0.009354657493531704, 0.008686468005180359, -0.05124606937170029, 0.008243280462920666, -0.018886590376496315, -0.0025738945696502924, 0.028882164508104324, 0.023577556014060974, 0.002342073479667306, -0.023673010990023613, -0.012422876432538033, 0.027518512681126595, -0.009361475706100464, -0.013254704885184765, 0.007281905505806208, -0.031500376760959625, -0.026086676865816116, 0.010997858829796314, -0.019677508622407913, 0.016091102734208107, 0.003930728882551193, 0.01230014767497778, 0.018777498975396156, 0.020413881167769432, -0.022909365594387054, -0.011120587587356567, 0.02915489487349987, -0.0024443475995212793, -0.007820548489689827, -0.016295650973916054, 0.004448917228728533, -0.008393283002078533, 0.02522757463157177, 0.0063000754453241825, -0.027368510141968727, 0.022663908079266548, -0.012197873555123806, -0.0239048320800066, -0.0004700340505223721, -0.02391846850514412, 0.02307300455868244, 0.012688788585364819, 0.021641168743371964, -0.00395800219848752, -0.008434192277491093, 0.01579109951853752, 0.00829782709479332, 0.03049127571284771, 0.0023505964782088995, -0.0039784568361938, -0.027545785531401634, -0.009470568038523197, -0.014113806188106537, 0.005205744411796331, -0.0010593876941129565, 0.028636706992983818, 0.014318353496491909, 0.003207992995157838, 0.0013909258414059877, -0.020195696502923965, -0.030736733227968216, -0.010793311521410942, -0.00778645696118474, -0.012927427887916565, 0.04352779686450958, 0.01794566959142685, 0.013002429157495499, -0.0030085588805377483, -0.00631712144240737, 0.004534145351499319, -0.01062967348843813, 0.0006409168126992881, 0.0014591084327548742, -0.007275087293237448, -0.016132012009620667, 0.03130946680903435, -0.01064330991357565, -0.002243208698928356, -0.013847893103957176, 0.0047659664414823055, 0.027409419417381287, 0.011331954039633274, 0.004050048533827066, -0.0035932250320911407, 0.028363976627588272, -0.006900082807987928, -0.004275051411241293, -0.012013780884444714, 0.0372004471719265, 0.024218471720814705, -0.01230014767497778, -0.0014113805955275893, 0.0192547757178545, -0.025691216811537743, 0.022104810923337936, -0.016227466985583305, -0.008161461912095547, 0.007220541127026081, 0.011004677973687649, 0.00777282053604722, -0.004346643108874559, -0.007820548489689827, 0.026836685836315155, 0.014318353496491909, -0.03395495191216469, -0.027313964441418648, 0.005451201926916838, -0.003245493397116661, 0.009545569308102131, -0.00863874051719904, 0.004111412912607193, -0.0155183682218194, 0.019336596131324768, 0.006225074641406536, 0.006388713140040636, 0.016104739159345627, -0.015259274281561375, -0.01393653079867363, 0.0246275682002306, -0.011434228159487247, -0.00593870785087347, 0.006988720037043095, 0.002986399456858635, -0.012129691429436207, 0.009497840888798237, -0.0007052641594782472, 0.0034858372528105974, -0.03226402401924133, -0.011093314737081528, -0.003068218706175685, 0.012102417647838593, -0.022391177713871002, -0.0026199177373200655, -0.017045659944415092, -0.028118519112467766, -0.004350052215158939, 0.0370640829205513, -0.014713812619447708, -0.005297790747135878, 0.019650235772132874, -0.01715475134551525, -0.004465962760150433, 0.0172911174595356, -0.018232036381959915, -0.020727520808577538, 0.01853204146027565, 0.037418629974126816, 0.0016500197816640139, 0.05689159035682678, -0.030136724933981895, 0.0039034560322761536, -0.017386572435498238, -0.021518440917134285, -0.018954772502183914, 0.00616030115634203, -0.016718382015824318, 0.012920609675347805, -0.011018314398825169, -0.04849149286746979, 0.029373079538345337, -0.024382110685110092, -0.04153686389327049, 0.013800165615975857, -0.013152430765330791, -0.015027453191578388, -0.011086496524512768, -0.018259309232234955, 0.01429108064621687, 0.016159284859895706, 0.04581873118877411, -0.011447864584624767, 0.04131867736577988, -0.011209225282073021, 0.0036034523509442806, -0.0023130958434194326, 0.007472816854715347, -1.777808938641101e-05, -0.018095672130584717, -0.01854567788541317, -0.01423653494566679, 0.026113949716091156, 0.02920944057404995, -0.008863742463290691, -0.014809268526732922, 0.0043398248963057995, 0.006559169851243496, -0.01789112389087677, -0.0025977585464715958, -0.009395567700266838, 0.01860022358596325, 0.00596598070114851, 0.007397816050797701, 0.023686647415161133, 0.015395639464259148, -0.020441154018044472, -0.0006089561502449214, -0.011461501009762287, -0.030054906383156776, 0.0064603048376739025, 0.0047727846540510654, 0.030982190743088722, 0.00025696330703794956, 0.0005348075646907091, -0.009675116278231144, 0.0303821824491024, 0.004445508122444153, 0.0029199214186519384, -0.01599564589560032, -0.04352779686450958, 0.035427697002887726, -0.006395531352609396, -0.011141043156385422, 0.02375483140349388, -0.015109272673726082, -0.03913683444261551, 0.028063973411917686, 0.0011931961635127664, 0.004575055092573166, -0.007384179625660181, -0.025336667895317078, -1.9802262613666244e-05, 0.016704745590686798, 0.011795596219599247, 0.0331367626786232, -0.016963839530944824, -0.015136545524001122, 0.016200194135308266, 0.0016593949403613806, 0.0008684763452038169, 0.03384586051106453, 0.02127298340201378, -0.01555927749723196, -0.018177490681409836, -0.018804771825671196, -0.0014386536786332726, 0.03698226064443588, 0.0529097244143486, -0.0075887273997068405, 0.00010776052658911794, 0.015695642679929733, -0.004551190882921219, -0.003746635979041457, 0.022036628797650337, -0.006003481335937977, -0.013493344187736511, 0.0015017226105555892, -0.011386500671505928, 0.01583200879395008, 0.01654110848903656, 2.9750002795481123e-05, 0.020236605778336525, 0.0357549749314785, -0.018054762855172157, -0.017427481710910797, -0.00103808066342026, 0.02513211965560913, -0.0018085443880409002, -0.006477350369095802, -0.0033784497063606977, 0.058037061244249344, -0.056564316153526306, 0.032864030450582504, -0.016895657405257225, -0.008836469613015652, 0.028800345957279205, -0.029400352388620377, 0.01800021529197693, -0.015722915530204773, -0.020195696502923965, -0.023059368133544922, 0.0037841363810002804, 0.024027561768889427, 0.002981285797432065, 0.015586550347507, -0.021041162312030792, -0.024913934990763664, -0.017004748806357384, -0.004994377959519625, 0.02378210425376892, -0.0031346967443823814, 0.01988205686211586, 0.013800165615975857, -0.024013925343751907, -0.049364227801561356, -0.003100605448707938, -0.014454718679189682, -0.0030971963424235582, 0.006276211701333523, -0.034718599170446396, 0.011863778345286846, 0.0115910479798913, 0.008216007612645626, 0.007806912064552307, 0.016186557710170746, 0.0008812605519779027, -0.026754867285490036, -0.038700465112924576, -0.013677436858415604, -0.014372900128364563, 0.015395639464259148, 0.024054834619164467, 0.020945705473423004, 0.027654876932501793, -0.0024716206826269627, 0.01226605661213398, -0.00413527712225914, -0.0013048452092334628, 0.0031790153589099646, -0.0279003344476223, 0.012402421794831753, -0.011427409946918488, 0.016882020980119705, -0.04292778670787811, -0.005127334501594305, -0.02055024728178978, -0.0075955456122756, 0.03390040621161461, -0.004643237683922052, 0.004285278730094433, -0.007875094190239906, 0.020332062616944313, -0.0022312768269330263, -0.0008092426578514278, -0.02705487050116062, 0.02724578231573105, -0.012143327854573727, -0.024013925343751907, -0.004725056700408459, 0.0017574074445292354, -0.008188734762370586, -0.013711527921259403, -0.0056046126410365105, 0.026891231536865234, 0.03403677046298981, -0.0008314020233228803, -0.017672939226031303, -0.01866840571165085, -0.007390997838228941, 0.01196605246514082, -0.02972763031721115, 4.296038605389185e-05, -0.017509300261735916, -0.006647807080298662, -0.020700247958302498, -0.02907307632267475, -0.018927499651908875, -0.027286691591143608, 0.010459216311573982, 0.006709171459078789, 0.02065933868288994, 0.01196605246514082, -0.018204763531684875, 0.0034449277445673943, -0.009504659101366997, 0.0031670834869146347, -0.0033562902826815844, 0.008577375672757626, 0.0047386931255459785, -0.00959329679608345, -0.010500125586986542, -0.024859389290213585, 0.0001784467458492145, 0.0056318859569728374, -0.0041830046102404594, 0.01393653079867363, -0.025554852560162544, 0.005151198245584965, -0.013002429157495499, -0.0159138273447752, 0.006794399581849575, 0.0011863778345286846, -0.0014591084327548742, 0.048055123537778854, 0.0047455113381147385, 0.00833191815763712, -0.03392767906188965, -0.005440974608063698, -0.029373079538345337, 0.001430983073078096, 0.013425161130726337, 0.005413701292127371, -0.041400495916604996, -0.016336560249328613, -0.010595581494271755, 0.004261414986103773, -0.0014599607093259692, -0.008556921035051346, -0.01655474491417408, 0.016854748129844666, 0.02177753485739231, 0.007397816050797701, -0.012470603920519352, 0.03060036711394787, 0.015504731796681881, 0.0003641379007603973, 0.012416058219969273, -0.01726384274661541, 0.024723023176193237, -0.011393318884074688, 0.0056012035347521305, -0.016991112381219864, -0.02915489487349987, 0.029018530622124672, 0.029263988137245178, 0.033491309732198715, -0.022322995588183403, 0.0023540055844932795, 0.02653668262064457, -0.0073159970343112946, 0.0023523010313510895, -0.013050156645476818, -0.01650019735097885, 0.000908533635083586, 0.008870560675859451, 0.016091102734208107, -0.0014045622665435076, -0.02045479044318199, 0.009872845374047756, -0.0041795955039560795, -0.005833024624735117, -0.007036447990685701, 0.019663872197270393, 0.0360277034342289, -0.02247299626469612, -0.01520472764968872, 0.0082841906696558, -0.0015750188613310456, 0.015722915530204773, 0.004564827308058739, -0.012422876432538033, 0.004087549168616533, 0.003681862261146307, -0.009381930343806744, -3.1960611522663385e-05, 0.015300183556973934, 0.013691073283553123, -0.011141043156385422, 0.030764006078243256, 0.025663943961262703, -0.002539803273975849, -0.012831971980631351, -0.02580031007528305, 0.01650019735097885, -0.003214811207726598, -0.005567112471908331, 0.010513762943446636, 0.011113769374787807, 0.011304681189358234, -0.007486453279852867, -0.009872845374047756, 0.03324585407972336, -0.006719398777931929, 0.009129654616117477, 0.04240959882736206, -0.019322959706187248, 0.027273055166006088, -0.016950203105807304, -0.003627316327765584, -0.008509192615747452, -0.0246275682002306, 0.024191198870539665, -0.023700283840298653, -0.02260936237871647, -0.02315482310950756, 0.016432015225291252, -0.00596598070114851, 0.017632029950618744, -0.024913934990763664, 0.010711492039263248, 0.0205638837069273, -0.009143291972577572, 0.0030392410699278116, -0.0005369382561184466, -0.00207786587998271, 0.005359155125916004, -0.03632770851254463, 0.02307300455868244, -0.023577556014060974, 0.005703477654606104, 0.03054582141339779, 0.009477386251091957, 0.009184201247990131, -0.006930765230208635, -0.005226199049502611, -0.02577303722500801, -0.021013889461755753, -0.003023899858817458, 0.00613984651863575, -0.005243244580924511, 0.0017369526904076338, -0.0036545894108712673, 0.013363797217607498, 0.0019108183914795518, 0.046009644865989685, 0.024559386074543, -0.016377469524741173, 0.018068399280309677, 0.01195923425257206, 0.004356870427727699, -0.01920023001730442, 0.02326391637325287, 0.006177346687763929, 0.0031346967443823814, -0.0031295830849558115, 0.009095563553273678, 0.0034023134503513575, -0.020263880491256714, 0.006279620807617903, 0.004721647594124079, -0.003450041403993964, 0.0332731269299984, 0.005181880202144384, -0.022036628797650337, -0.0067262169905006886, 0.0031329921912401915, 0.016691109165549278, 0.03777318075299263, -0.017072932794690132, -0.04358234256505966, -0.013636527583003044, 0.005863706581294537, -0.001334675122052431, -0.02588212862610817, -0.039518654346466064, -0.006385304033756256, -0.0014164942549541593, 0.0046364194713532925, -0.0019210458267480135, 0.028118519112467766, -0.0010304100578650832, -0.0018818407552316785, -0.006467123050242662, 0.026795776560902596, -0.00028104029479436576, 0.02507757395505905, -0.017045659944415092, 0.01720929704606533, 0.0030511729419231415, -0.0074250889010727406, 0.0050659701228141785, 0.0010133644100278616, -0.002971058478578925, -0.012845608405768871, 0.0010218872921541333, -0.0073228152468800545, -0.02109570801258087, -0.014413809403777122, -0.03436404839158058, 0.0016261559212580323, 0.009116018190979958, 0.015286547131836414, -0.015750188380479813, 0.0047386931255459785, 0.005052333232015371, -0.03330039978027344, 0.020863886922597885, -0.0037432266399264336, -0.022991184145212173, -0.012191055342555046, -0.008427374064922333, 0.020413881167769432, 0.005004605744034052, 0.010595581494271755, 0.0009042721940204501, -0.0075955456122756, -0.016132012009620667, 0.015409275889396667, 0.009831936098635197, -0.002807419979944825, 0.016800202429294586, 0.01847749389708042, -0.011809232644736767, 0.01388880331069231, -0.01716838777065277, 0.0070296297781169415, -0.02045479044318199, -0.014972906559705734, 0.00577166024595499, -0.011059223674237728, -0.00594211695715785, 0.02850034274160862, -0.036900442093610764, 0.010343305766582489, -0.038673192262649536, 0.03518224135041237, 0.01910477504134178, 0.008243280462920666, -0.008413737639784813, -0.0047386931255459785, -0.004840967245399952, 0.005744386930018663, 0.01197968889027834, 0.02772306092083454, 0.0030307183042168617, 0.00416595907881856, -0.011700140312314034, -0.005028469488024712, 0.016241103410720825, -0.012013780884444714, 0.002763101365417242, 0.0041830046102404594, 0.004643237683922052, -0.024995755404233932, 0.010541035793721676, 0.002635258948430419, -0.026932140812277794, 0.003770499723032117, 0.013131976127624512, -0.007820548489689827, 0.01999114826321602, 0.010718310251832008, 0.0009707502904348075, 0.02457302249968052, -0.0005169096402823925, -0.020263880491256714, 0.008706922642886639, 0.027532149106264114, -0.00019442704797256738, 0.002502302872017026, 0.0033443584106862545, 0.0009630797430872917, -0.0030375365167856216, -0.0057341596111655235, -0.02176389843225479, -0.010131940245628357, -2.61810673691798e-05, -0.007193268276751041, 0.020086605101823807, -0.0057648420333862305, 0.020018422976136208, -0.004033003002405167, -0.006487577687948942, -0.012825153768062592, 0.03373676910996437, 0.0015213250881060958, -0.0005296938470564783, -0.03106400929391384, -0.0034398140851408243, -0.018218399956822395, 0.008802378550171852, -0.007015993352979422, 0.016718382015824318, -0.023700283840298653, 0.02986399456858635, -0.012395603582262993, 0.021341165527701378, 0.03422768414020538, -0.0033051532227545977, 0.023536646738648415, -0.006508032791316509, -0.02646849863231182, -0.016172921285033226, -0.017686575651168823, 0.017577484250068665, 0.008434192277491093, 0.00580234220251441, 0.02521393820643425, 0.03531860560178757, 0.0036068614572286606, -0.0192547757178545, 0.00778645696118474, -0.028118519112467766, 0.0015682006487622857, 0.046091463416814804, 0.0021307074930518866, 0.012006962671875954, -0.008045551367104053, 0.015627460554242134, -0.008420555852353573, 0.0002831710153259337, -0.014986543916165829, -0.007888730615377426, 0.018913863226771355, -0.0015366661828011274, 0.01155013870447874, -0.016841111704707146, -0.002809124533087015, -0.006112573202699423, -0.000908533635083586, 0.01860022358596325, -0.0003421916044317186, 0.023659374564886093, -0.0022687772288918495, -0.0005331030115485191, 0.011427409946918488, 0.003548906184732914, 0.011181952431797981, -0.025486670434474945, 0.0158456452190876, -0.010841039009392262, 0.014209261164069176, 0.00863874051719904, -0.007254632655531168, 0.0010849562240764499, 0.011161497794091702, -0.015682006254792213, -0.012122873216867447, -0.017632029950618744, 0.00400572968646884, -0.008795560337603092, -0.008454646915197372, 0.0008671979303471744, -0.0001430770062142983, -0.026059404015541077, -0.004438689444214106, -0.015695642679929733, 0.044018711894750595, 0.013022883795201778, -0.002550030592828989, -0.020441154018044472, 0.008952380158007145, 0.01358879916369915, 0.022800274193286896, 0.009122836403548717, 0.010793311521410942, 0.0007001504418440163, -0.02649577334523201, 0.024968480691313744, -0.012859244830906391, 0.019650235772132874, -0.006978492718189955, 4.1202554712072015e-05, 0.0028432158287614584, 0.029645809903740883, -0.0021460484713315964, 0.0023540055844932795, -0.0015358139062300324, -0.005683022551238537, 0.014822904951870441, 0.03139128535985947, -0.013506980612874031, 0.036900442093610764, 0.009218292310833931, 0.0012034234823659062, -0.013629709370434284, -0.01794566959142685, -0.004019366577267647, 0.017345663160085678, 0.002454574918374419, -0.010725128464400768, 0.03640952706336975, -0.03240038827061653, 0.01030239649116993, 0.002897761994972825, 0.0008135040989145637, 0.01798657886683941, -0.009177383035421371, -0.00038587109884247184, 0.003715953789651394, 0.027273055166006088, 0.007056903094053268, -0.026263952255249023, -0.010425125248730183, -0.013404706493020058, -0.021477529779076576, 0.005481883883476257, -0.004953468684107065, 0.01853204146027565, 0.00015777887892909348, -0.011311499401926994, 0.021600259467959404, -0.0021750261075794697, 0.012791062705218792, 0.01731839030981064, 0.005877343472093344, -0.014127442613244057, 0.0006328200688585639, -0.002936967182904482, 0.0036545894108712673, 0.014154715463519096, -0.017086569219827652, 0.005485292989760637, 0.006490986794233322, 0.006334166973829269, -0.0038761829491704702, -0.00207104766741395, 0.00777282053604722, 0.00577166024595499, -0.008195552974939346, -0.034145865589380264, -0.005427337717264891, 0.0032693573739379644, -0.02258208952844143, 0.01026148721575737, -0.03600043058395386, 0.018163854256272316, -0.007875094190239906, 0.01780930534005165, -0.009641025215387344, 0.030709460377693176, 0.004455735441297293, 0.010425125248730183, -0.0004248630430083722, -0.018436584621667862, 0.006504623685032129, 0.004967105109244585, -0.0008957493701018393, -0.003213106654584408, 0.008454646915197372, -0.0015852462965995073, -0.0028295794036239386, 0.006855763960629702, -0.0017522937851026654, -0.014495628885924816, -0.010486489161849022, 0.01715475134551525, 0.020250242203474045, 0.022063901647925377, 0.005185289308428764, 0.0017437709029763937, -0.013022883795201778, 0.003501178463920951, 0.00792964082211256, 0.022718453779816628, -0.008604648523032665, 0.021736623719334602, 0.00047386932419613004, -0.013009247370064259, 0.024163926020264626, 0.015313819982111454, -0.005713704973459244, 0.00398527504876256, 0.0030426501762121916, 0.017754757776856422, 0.010152394883334637, -0.00414891354739666, -0.00925238337367773, -0.017332026734948158, 0.02910034917294979, -0.008822833187878132, -0.016800202429294586, -0.018204763531684875, -0.02724578231573105, -0.01920023001730442, -0.014209261164069176, -0.0001112229292630218, -0.007261450868099928, 0.004213687032461166, 0.009395567700266838, -0.018709314987063408, 0.007261450868099928, 0.014209261164069176, 0.013506980612874031, -0.005284154321998358, -0.04303688183426857, 0.0016150762094184756, 0.020304789766669273, 0.0206320658326149, 0.006903491914272308, -0.022241175174713135, 0.02724578231573105, 0.00799782294780016, -0.0018085443880409002, 0.000323867512634024, -0.002538098720833659, -0.003627316327765584, 0.006490986794233322, 0.0675826296210289, 0.010016029700636864, -0.0172911174595356, 0.020277516916394234, -0.005205744411796331, 0.006719398777931929, -0.002342073479667306, -0.021491166204214096, -0.01262060645967722, -0.018927499651908875, -0.0019653644412755966, -0.005481883883476257, 0.030273091048002243, -0.0034807235933840275, -0.001124161179177463, 0.010991040617227554, 0.0017539983382448554, -0.013759256340563297, -0.0077591841109097, -0.0023932105395942926, 0.03594588488340378, 0.009695570915937424, 0.003675044048577547, 0.003189242910593748, 0.006467123050242662, 0.0029250350780785084, -0.020972978323698044, -0.010227395221590996, 0.007050084415823221, 0.03436404839158058, 0.005505748093128204, -0.003189242910593748, -0.015722915530204773, 0.013738801702857018, -0.009777390398085117, 0.013486525975167751, -0.009756934829056263, -0.012020599097013474, -0.013650164008140564, 0.006927355658262968, 0.003405722789466381, 0.014986543916165829, 0.0009153519058600068, 0.024873025715351105, -0.0019500234629958868, -0.0011770027922466397, 0.007697819732129574, 0.0007069687126204371, -0.004626191686838865, 0.0396822951734066, -0.014700176194310188, 0.014100168831646442, 0.016445651650428772, 0.02858216129243374, 8.988921962327368e-08, 0.0036614076234400272, 0.0030051497742533684, -0.01854567788541317, 0.011809232644736767, -0.0019057047320529819, -0.008986471220850945, 0.004840967245399952, -0.020809341222047806, -0.005505748093128204, 0.011066041886806488, -0.0031329921912401915, 0.0006997243035584688, 0.009116018190979958, -0.014427445828914642, 0.01666383631527424, 0.008802378550171852, 0.01427744422107935, -0.0006664852844551206, 0.008052369579672813, 0.020836614072322845, 0.000259520165855065, -0.009150110185146332, -0.01982751116156578, -0.022773001343011856, 0.013350159861147404, 0.008959198370575905, -0.0008045551367104053, 0.01360243558883667, 0.006971674505621195, -0.013043338432908058, 0.00799782294780016, 0.002381278667598963, 0.012088781222701073, -0.023059368133544922, -5.140331631992012e-05, 6.605192902497947e-05, 0.015095635317265987, 0.015750188380479813, 0.02048206329345703, 0.0016525766113772988, 0.008481919765472412, -0.018177490681409836, -0.02046842686831951, -0.009088745340704918, -0.010902403853833675, -0.00999557413160801, -0.0019500234629958868, -0.004070503171533346, 0.01427744422107935, 0.0165683813393116, -0.006003481335937977, 0.0054716565646231174, 0.0022755954414606094, -0.01354788988828659, -0.0022807091008871794, -0.03384586051106453, 0.0018664996605366468, -0.004121640231460333, 0.019568417221307755, -0.006480759475380182, -0.0018971818499267101, -0.01718202419579029, -0.0061705284751951694, -0.005294381640851498, 0.014931997284293175, -0.04287324100732803, -0.012545605190098286, -0.00560802174732089, -0.01158422976732254, -0.0002887108421418816, -0.01716838777065277, -0.017468390986323357, -0.0075887273997068405, -0.013186521828174591, 0.008979653008282185, -0.010172849521040916, 0.0035761792678385973, -0.0064603048376739025, 0.005052333232015371, -0.0024903707671910524, -0.013350159861147404, -0.0006366553716361523, -0.0151910912245512, 0.013186521828174591, 0.0031807199120521545, 0.0007295542163774371, -0.0058671156875789165, 0.015313819982111454, -0.0016883725766092539, -0.010541035793721676, -0.005100061185657978, -0.013022883795201778, 0.015300183556973934, -0.0014420627849176526, 0.001595473731867969, -0.011052405461668968, -0.0009460340952500701, 0.002945489948615432, -0.0010457511525601149, 0.010445579886436462, -0.006579624488949776, -0.0014539947733283043, -0.009470568038523197, -0.004776193760335445, -0.012893336825072765, 0.012143327854573727, -0.018995681777596474, 0.0029165123123675585, -0.021436620503664017, -0.0034909509122371674, 0.004820512607693672, 0.0115910479798913, 0.004748920444399118, -0.02524121291935444, -0.013138794340193272, -0.019541144371032715, 0.009443295188248158, -0.006439850199967623, 0.007868275977671146, 0.004438689444214106, -0.005839842837303877, -0.006119391415268183, -0.008618284948170185, -0.018163854256272316, -0.010452398099005222, -0.006940992549061775, -0.006808036472648382, 0.008386463858187199, 0.015163818374276161, 0.01858658716082573, -0.009702389128506184, -0.00035966341965831816, 0.003330721752718091, -0.0004751477390527725, 0.010486489161849022, -0.01386834867298603, 0.014522901736199856, -0.005229608155786991, -0.025663943961262703, -0.010452398099005222, -0.0068659912794828415, -0.015136545524001122, -0.00398527504876256, 0.00578529667109251, 0.006855763960629702, 0.009504659101366997, -0.009211474098265171, -0.005301199853420258, 0.006017117761075497, 0.003531860653311014, -0.00760918203741312, -0.009122836403548717, -0.01030239649116993, -0.006501214578747749, -0.016963839530944824, -0.060655273497104645, -0.018832044675946236, 0.014659266918897629, 0.011291044764220715, -0.004994377959519625, 0.014018350280821323, 0.005423928610980511, -0.01065012812614441, -0.008427374064922333, -0.001859681447967887, 0.01225923839956522, 0.0024392337072640657, 0.013002429157495499, 0.013104702346026897, 0.030163997784256935, 0.004840967245399952, 0.018109308555722237, -0.006579624488949776, 0.008243280462920666, 0.007575090974569321, -0.010193304158747196, -0.005045515019446611, 0.014141079038381577, 0.013350159861147404, -0.004892104305326939, -0.0013568344293162227, 0.021477529779076576, -0.02191389910876751, -0.012231964617967606, 0.009654661640524864, 0.004800057504326105, 0.02659122832119465, -0.014672903344035149, 0.008120551705360413, 0.006225074641406536, 0.01982751116156578, 0.015122909098863602, 0.008420555852353573, 0.016404742375016212, -2.2439011445385404e-05, 0.006692125927656889, -0.018450221046805382, 0.01196605246514082, -0.007547817658632994, -0.009368293918669224, -0.0008190438966266811, -0.020127514377236366, 0.004465962760150433, -0.0013619482051581144, -0.00043274665949866176, 0.012872882187366486, 0.012504695914685726, 0.02375483140349388, -0.026959413662552834, 0.005512566305696964, 0.0071864500641822815, -0.0021341165993362665, 0.0009306930005550385, -0.02052297443151474, 0.02994581311941147, 0.00580575130879879, -0.02506393752992153, 0.007240996230393648, -0.00798418652266264, 0.010547854006290436, 0.0014787109103053808, 0.009129654616117477, -0.0115569569170475, 0.011195588856935501, 0.016063829883933067, -0.0027852607890963554, 0.0010568308643996716, 0.015136545524001122, -0.010009211488068104, -0.012995610944926739, 0.02918216772377491, -0.013275159522891045, 0.019663872197270393, 0.027450328692793846, 0.012852426618337631, 0.01430471707135439, 0.006698944140225649, 0.00613984651863575, 0.013370615430176258, 0.006351212505251169, -0.022077538073062897, -0.0382368229329586, 8.357699698535725e-05, 0.001294617773965001, 0.01920023001730442, -0.009395567700266838, -0.018068399280309677, 0.01263424288481474, -0.0028773073572665453, 0.017372936010360718, -0.006859173066914082, -0.011325135827064514, 0.013772892765700817, -0.014563811011612415, 0.008141006343066692, 0.00399209326133132, 0.0011974575463682413, 0.011516047641634941, 0.01392289437353611, -0.0012818336253985763, -0.01660929061472416, -0.013834256678819656, -0.01263424288481474, -0.003917092457413673, 0.001514506759122014, -0.0008049812749959528, 0.0066239433363080025, 0.008536466397345066, 0.00198070565238595, -0.02446392923593521, -0.012791062705218792, 0.00999557413160801, -0.007506908383220434, 0.02263663522899151, -0.007622818928211927, 0.007697819732129574, -0.005717114079743624, 0.005587567109614611, 0.0023471873719245195, -0.015095635317265987, 0.006743262987583876, 0.015068362466990948, -0.0047455113381147385, -0.00414891354739666, -0.009688752703368664, -0.007247814442962408, -0.0031381058506667614, 0.00047216477105394006, -0.01786385104060173, -0.0036477709654718637, -0.010609217919409275, 0.02513211965560913, -0.017591120675206184, -0.00013700449198950082, 0.003722772002220154, 0.020809341222047806, -0.003330721752718091, -0.0032233342062681913, 0.013336523436009884, 0.015763824805617332, 0.010077393613755703, -0.0039955023676157, -0.009545569308102131, -0.01716838777065277, 0.006589851807802916, 0.004820512607693672, 0.0013457548338919878, -0.015422912314534187, -0.010977404192090034, 0.01393653079867363, 0.005590976215898991, 0.01063649170100689, -0.008100097067654133, -0.0199775118380785, -0.024150289595127106, -0.016772927716374397, -0.011413773521780968, -0.00827055424451828, 0.008856924250721931, -0.010854675434529781, 0.016936566680669785, -0.013145612552762032, 4.972538226866163e-05, 0.005400064866989851, -0.019622962921857834, -0.002648895373567939, 0.018191127106547356, -0.011686503887176514, 0.0012204692466184497, -0.004830739926546812, 0.006528487429022789, -0.00999557413160801, 0.02124570868909359, -0.011127406731247902, -0.004500053822994232, 0.014727449044585228, 0.009327384643256664, -0.00832509994506836, 0.019718417897820473, 0.00955238752067089, -0.0038284549955278635, 0.004615964367985725, 0.020959341898560524, -0.002861966146156192, 0.024723023176193237, -0.010043302550911903, 0.01157059334218502, 0.0041761863976716995, 0.002551735145971179, 0.006177346687763929, -0.011461501009762287, 0.004012548364698887, -0.0024886662140488625, -0.00992057379335165, -0.005481883883476257, 0.019636599346995354, 0.018777498975396156, 0.011018314398825169, 0.0005565407918766141, 0.017659302800893784, 0.0027494647074490786, -0.0027051460929214954, 0.021750260144472122, 0.0021784352138638496, 0.0022312768269330263, 0.007861457765102386, 0.007479635067284107, -0.018341129645705223, -0.005277336109429598, 0.014891088008880615, -0.015327456407248974, 0.00829782709479332, 0.005093242973089218, 0.015000180341303349, 0.00599666265770793, -0.0032267433125525713, -0.0008983062580227852, 0.0021852534264326096, -0.01581837236881256, -0.007363724522292614, 0.023482099175453186, 0.02847306989133358, -0.02994581311941147, -0.012688788585364819, 0.0043159606866538525, 0.003156856168061495, -0.007043266203254461, 0.011338772252202034, 0.010943313129246235, -0.013827438466250896, 0.0037125444505363703, 0.013738801702857018, 0.019677508622407913, 0.01557291392236948, 0.00030192124540917575, -0.018041126430034637, 0.03237311542034149, -0.005123924929648638, 0.022132083773612976, 0.0022738908883184195, 0.01320697646588087, -0.005488702096045017, -0.024027561768889427, 0.019418414682149887, 0.020441154018044472, -0.012559241615235806, -0.0004050474672112614, 0.014413809403777122, -0.03501860052347183, 0.011386500671505928, -0.0028312839567661285, 0.014959270134568214, -0.018682042136788368, -0.004963696002960205, 0.007500090170651674, 0.006262575276196003, 0.0016568381106480956, -0.0018954772967845201, 0.026182131841778755, 0.009279657155275345, -0.0014633698156103492, 0.014891088008880615, -0.005720523186028004, 0.0036579985171556473, 0.0047421022318303585, 0.023550283163785934, 0.005693250335752964, -0.016268376260995865, -0.007070539519190788, -0.01596837304532528, -0.01360243558883667, 0.007145540323108435, 0.005454611033201218, -0.016745654866099358, -0.029673082754015923, -0.015613824129104614, 0.008591012097895145, 0.000561654451303184, 0.0012238783529028296, -0.016786566004157066, -0.013438797555863857, -0.009497840888798237, -0.028854891657829285, 0.011768323369324207, 0.006975083611905575, -0.007718274369835854, -0.0033017441164702177, 0.003620498115196824, 0.01030239649116993, -0.01121604349464178, -0.005045515019446611, 0.004101185593754053, 0.00995466485619545, 0.0013585389824584126, -0.00577166024595499, -0.0079910047352314, 0.0018272947054356337, 0.0032642437145113945, 0.020277516916394234, -0.018191127106547356, 0.0166365634649992, -0.00023693466209806502, -0.0071591767482459545, 0.013254704885184765, 0.012852426618337631, -0.00789554975926876, 0.016950203105807304, -0.008509192615747452, 0.019472960382699966, 0.0041727772913873196, 0.011093314737081528, 0.011727413162589073, -0.010554672218859196, -0.015327456407248974, 0.010404670611023903, -0.008120551705360413, -0.02110934443771839, 0.013043338432908058, 0.011413773521780968, -0.005710295867174864, 0.02858216129243374, -0.01393653079867363, 0.029509445652365685, -0.003404018236324191, 0.0014599607093259692, -0.0008190438966266811, 0.002761396812275052, -0.005430746823549271, -0.010063757188618183, -0.030191270634531975, -0.01590019091963768, 0.008993289433419704, -0.01192514318972826, 0.01581837236881256, 0.011331954039633274, -0.0032182205468416214, 0.0058671156875789165, 0.010070575401186943, 0.0003995076403953135, -0.024818480014801025, 0.003548906184732914, 0.003930728882551193, -0.03695498779416084, -0.0036920898128300905, -0.004990968853235245, 0.003582997480407357, -0.02395937778055668, -0.02511848323047161, -0.010793311521410942, -0.00793645903468132, 0.014495628885924816, 0.011522865854203701, -0.006450077518820763, -0.005717114079743624, -0.001123308902606368, 0.009293293580412865, 0.018068399280309677, 0.0191184114664793, 0.012204691767692566, -0.0033920861314982176, -0.020250242203474045, 0.012688788585364819, -0.006995538715273142, -0.02715032547712326, -0.0007670546765439212, 0.0019108183914795518, -0.0022295722737908363, 0.016391105949878693, -0.019036592915654182, -0.001594621455296874, -0.014154715463519096, 0.014372900128364563, -0.013520617038011551, 0.01592746376991272, -0.0018733179895207286, 0.034691326320171356, -1.3576601304521319e-05, 0.028009427711367607, 0.001165070803835988, -0.000454266817541793, 0.0032165159936994314, -0.007656909991055727, 0.03185492753982544, 0.0007853787392377853, -0.019432051107287407, -0.0027034415397793055, 0.0016091102734208107, -0.011645594611763954, 0.028118519112467766, 0.036764077842235565, 0.028063973411917686, 0.006518260110169649, 0.011325135827064514, -0.008734195493161678, -0.008679649792611599, 0.014659266918897629, -0.013254704885184765, 0.022145720198750496, 0.011754686944186687, 0.007261450868099928, -0.017345663160085678, -0.009504659101366997, -0.002757987705990672, 0.010520581156015396, 0.0005450349417515099, -0.02050933800637722, -0.006023935973644257, -0.005819388199597597, 0.026073040440678596, -0.003535269759595394, -0.006293257232755423, -0.02329118922352791, 0.010459216311573982, -0.014536538161337376, -0.00197388743981719, -0.005001196172088385, -0.00380459101870656, -0.002776737790554762, 0.007629637140780687, -0.017700212076306343, -0.028118519112467766, -0.014550174586474895, 0.0246275682002306, -0.018354766070842743, 0.009545569308102131, 0.018027490004897118, -0.00990011915564537, -0.02588212862610817, -0.00960011500865221, -0.01032285112887621, -0.001430130796507001, -0.009811481460928917, -0.004077321849763393, 0.0166365634649992, 0.0051750619895756245, -0.002677873009815812, 0.011311499401926994, -0.014018350280821323, 0.015627460554242134, -0.0033801542595028877, 0.011100132949650288, 0.006490986794233322, 0.033464036881923676, -0.019527507945895195, 0.0029523081611841917, 0.027450328692793846, -0.009791026823222637, 0.006739853415638208, -0.014931997284293175, -0.004227323457598686, -0.0017403617966920137, 0.014877451583743095, -0.0006375076482072473, -0.004479599185287952, -0.009811481460928917, -0.011400137096643448, -0.006855763960629702, -0.0023949150927364826, -0.00789554975926876, -0.0037091353442519903, 0.00615689205005765, -0.006218256428837776, -0.0002746481914073229, 0.010861493647098541, 0.03433677554130554, -0.01850476674735546, 0.000493897998239845, 0.007704637944698334, 0.004285278730094433, -1.6193376723094843e-05, 0.007418270688503981, 0.003923910669982433, 0.0018307038117200136, 0.009825117886066437, 0.0005684727220796049, 0.007288723718374968, 0.001645758398808539, 0.007111448794603348, -0.024150289595127106, 0.014113806188106537, 0.011045587249100208, 0.0023096867371350527, 0.003531860653311014, -0.0057614329271018505, 0.023386644199490547, -0.0037023171316832304, -0.021477529779076576, 0.012995610944926739, -0.005280745215713978, -0.0034824281465262175, 0.010909222066402435, 0.002853443380445242, -0.012416058219969273, 0.0018324083648622036, 0.012593332678079605, -0.0034687917213886976, -0.013643345795571804, -0.010875130072236061, 0.018368402495980263, 0.0011787073453888297, 0.004029593896120787, -0.003458564169704914, 0.004936422687023878, 0.009859208948910236, 0.028063973411917686, 0.019009318202733994, 0.0038659553974866867, -0.004755739122629166, 0.0067296260967850685, -0.018845681101083755, 0.003185833804309368, -0.004578464198857546, 0.014045623131096363, 0.012163782492280006, -0.005642113275825977, 0.008025096729397774, 0.011072860099375248, 0.004595509730279446, 0.005164834670722485, -0.011509229429066181, -0.00962056964635849, 0.01666383631527424, -0.02198208123445511, 0.018859317526221275, -0.0066000791266560555, 0.011850141920149326, -0.023563919588923454, 0.018750224262475967, 0.0006417690892703831, 0.028991257771849632, -0.0012826859019696712, -0.007390997838228941, -0.00990011915564537, 0.014686539769172668, -0.0017199070425704122, -0.019486596807837486, -0.007247814442962408, -0.01360243558883667, 0.015709279105067253, -0.006521669216454029, 0.0038250458892434835, 0.017345663160085678, -0.018791135400533676, 0.02185935340821743, 0.0022278677206486464, 0.02447756566107273, 0.031418558210134506, -0.010036484338343143, 0.023482099175453186, 0.005226199049502611, -0.004288687836378813, 0.00017599643615540117, -0.018041126430034637, -0.009109199978411198, 0.0021801397670060396, 0.004394371062517166, 0.003424472874030471, -0.010656946338713169, -7.990152516867965e-05, -0.008222825825214386, 0.001605701050721109, -0.0004840967303607613, 0.02989126741886139, -0.020795704796910286, -0.004271642304956913, -0.009361475706100464, -0.00776600232347846, 0.01323424931615591, 0.002994922222569585, -0.03834591433405876, -0.014809268526732922, 0.0031466286163777113, 0.00995466485619545, 0.0018801362020894885, 0.02190026268362999, 0.010336487554013729, 0.008345554582774639, -7.068621926009655e-05, 0.005710295867174864, 0.020918432623147964, 0.01849113032221794, -0.004056866746395826, -0.005253472365438938, -0.018913863226771355, 0.006859173066914082, -0.004714829381555319, 0.012961518950760365, 0.006968265399336815, -0.00593870785087347, -0.0035693610552698374, 0.024995755404233932, 0.008516011759638786, -0.0010244441218674183, 0.006279620807617903, -0.013295614160597324, -0.007868275977671146, 0.004827330820262432, -0.034118592739105225, -0.005550066474825144, 0.008209189400076866, -0.024559386074543, -0.013445615768432617, -0.016350196674466133, 0.007247814442962408, -0.0038148185703903437, 0.016800202429294586, 0.0022329813800752163, 0.016213830560445786, -0.00791600439697504, 0.0011360931675881147, -0.0013483116636052728, 0.005539839155972004, 0.005526202730834484, 0.0073228152468800545, 0.003107423661276698, 0.0008352373261004686, 0.006398940458893776, 0.005140970926731825, 0.037364084273576736, -0.0009400681010447443, -0.006947810761630535, 0.00998193770647049, 0.002550030592828989, 0.01386153046041727, 0.011284226551651955, -0.0010099553037434816, -0.002856852486729622, 0.0023182097356766462, 0.009027381427586079, 0.017032023519277573, -0.01354107167571783, -0.0030920826829969883, 0.011509229429066181, -0.0012008666526526213, -0.007015993352979422, -0.000801572110503912, -0.004554599989205599, -0.00598984444513917, -0.008018278516829014, -0.0033085623290389776, 0.010056938976049423, -0.022063901647925377, 0.0010866607772186399, -0.008406919427216053, -0.025677580386400223, 0.020345699042081833, -0.010984222404658794, -0.009211474098265171, 0.025323031470179558, -0.00028849777299910784, 0.03057309426367283, -0.02259572595357895, -0.005713704973459244, -0.01123649813234806, -0.0020932068582624197, -0.0198411475867033, 0.020386608317494392, -0.025350304320454597, 0.010022847913205624, 0.0005556885153055191, 0.018859317526221275, 0.009831936098635197, 0.00760918203741312, 0.019009318202733994, 0.02120479941368103, -0.007861457765102386, 0.00011271442053839564, 0.014631994068622589, -0.0039102742448449135, 0.026318497955799103, -0.0006208881386555731, -0.02315482310950756, 0.01065012812614441, -0.00596938980743289, 0.006944401655346155, 0.007520544808357954, -0.006790990475565195, 0.01795930601656437, -0.004598918836563826, 0.0014011531602591276, -0.02525484934449196, -0.00960011500865221, -0.007090994156897068, 0.016691109165549278, -0.0024801434483379126, 0.021341165527701378, -0.01791839674115181, 0.005076197441667318, -0.0023608237970620394, -0.00777963874861598, -0.007350088097155094, 0.0009698980138637125, -0.006715989671647549, -0.01580473594367504, 0.015232001431286335, -0.011645594611763954, 0.00599666265770793, 0.0023062776308506727, -0.016868384554982185, -0.004704602062702179, -0.022350268438458443, 0.002988104010000825, -0.03330039978027344, -0.00207786587998271, -5.6463744840584695e-05, -0.022909365594387054, 0.0020386609248816967, 0.0027375328354537487, 0.0060307541862130165, -0.013118339702486992, 0.019718417897820473, -0.0021562757901847363, -0.0112296799197793, -0.007418270688503981, -0.004755739122629166, 0.010425125248730183, 0.010029666125774384, -0.003293221350759268, 0.012845608405768871, -0.005273927003145218, -0.012654697522521019, 0.008086460642516613, 0.0017003044486045837, 0.013016065582633018, 0.02395937778055668, 0.009661479853093624, 0.006780763156712055, 0.0011752982391044497, -0.008856924250721931, -0.012095599435269833, -0.0049023316241800785, -0.015286547131836414, -0.000993761932477355, -0.02577303722500801, 0.01387516688555479, 0.011045587249100208, 0.005123924929648638, -0.016445651650428772, 0.0035625428427010775, 0.002984694903716445, 0.014154715463519096, -0.013472888618707657, -0.011638776399195194, -0.008488737978041172, 0.016377469524741173, -0.008359191007912159, 0.00413527712225914, -0.02721850760281086, -0.003671634942293167, 0.007043266203254461, 0.0002132838126271963, -0.006770535837858915, -0.018422948196530342, -0.022404814139008522, 0.020986614748835564, 0.01986842043697834, 0.00599666265770793, 0.008959198370575905, 0.013356978073716164, -0.0012716061901301146, 0.02053661085665226, -0.002856852486729622, -0.026850322261452675, -0.04772784560918808, 0.013186521828174591, -0.005263699684292078, 0.0002077439712593332, 0.003199470229446888, -0.003404018236324191, 0.015504731796681881, 0.006071663927286863, 0.0044693718664348125, -0.0012409240007400513, -0.00047642618301324546, -0.009095563553273678, -0.00596598070114851, -0.0022721863351762295, -0.011072860099375248, -0.00790918618440628, -0.021395711228251457, 0.011393318884074688, 0.013759256340563297, -0.010206940583884716, 0.009020563215017319, 0.014509265311062336, -0.013384251855313778, -0.009531932882964611, 0.022077538073062897, -0.014427445828914642, -0.0074250889010727406, 0.00019709042680915445, 0.018095672130584717, -0.01226605661213398, 0.009825117886066437, -0.010868311859667301, 0.02445029281079769, -0.0015647915424779058, 0.027641240507364273, -0.013029702007770538, -0.013070611283183098, 0.023304825648665428, 0.01028194185346365, 0.017386572435498238, -0.006443259306252003, -0.00612280098721385, -0.0015221773646771908, 0.0019227503798902035, -0.01790476031601429, -0.007472816854715347, -0.026891231536865234, -0.011181952431797981, -0.020372971892356873, -0.00388641026802361, -0.005481883883476257, -0.00995466485619545, 0.029591264203190804, -0.004496644716709852, -0.0050352877005934715, -0.0007917708717286587, 0.016854748129844666, 0.000777282053604722, -0.012784244492650032, -0.021695714443922043, 0.017372936010360718, 0.0007653501234017313, -0.00832509994506836, 0.0018750225426629186, -0.02109570801258087, -0.0007423384813591838, 0.004953468684107065, 0.01397744007408619, 0.015491095371544361, -0.009518296457827091, 0.0033920861314982176, 0.0020386609248816967, 0.008795560337603092, -0.009525114670395851, -0.0011377977207303047, -0.038891375064849854, 0.0016807019710540771, 0.00999557413160801, -0.0009349543834105134, 0.018136581405997276, -0.008461465127766132, 0.014045623131096363, 0.010356942191720009, 0.004527327138930559, 0.0357549749314785, -0.012906973250210285, -0.003194356570020318, -0.012368330731987953, 0.002780146896839142, -0.005117106717079878, 0.00794327724725008, -0.011045587249100208, -0.006535305641591549, 0.027709422633051872, 0.011331954039633274, -0.015095635317265987, 0.01122286170721054, 0.006838718429207802, 0.0155183682218194, 0.014127442613244057, -0.009088745340704918, 0.002289232099428773, -0.002215935615822673, -0.0025807127822190523, -0.018804771825671196, -0.018272947520017624, 0.026032131165266037, 0.00865237694233656, 0.0119865071028471, 0.020700247958302498, -0.016841111704707146, 0.0019108183914795518, -0.0038693647366017103, -0.010691037401556969, 0.009463749825954437, 0.006750081200152636, 0.020277516916394234, -0.004012548364698887, 0.009218292310833931, 0.014427445828914642, 0.014168351888656616, -0.009736480191349983, -0.009163746610283852, -0.023373007774353027, 0.006808036472648382, -0.01666383631527424, -0.02117752656340599, -0.01189787033945322, 0.007070539519190788, 0.011720594950020313, 0.003282994031906128, 0.014222897589206696, 0.014904724434018135, 0.004459144547581673, 0.008611466735601425, 0.013063793070614338, -0.010479670949280262, -0.00595916248857975, -0.003330721752718091, 0.01797294244170189, 0.004915968049317598, 0.00010744092287495732, 0.015136545524001122, 0.0166365634649992, -0.011318317614495754, -0.003429586533457041, 0.008972834795713425, 0.011113769374787807, -0.01193877961486578, -0.007309178821742535, 0.006576215382665396, -0.013793347403407097, -0.010152394883334637, 0.00395800219848752, 0.013159248977899551, 0.044836901128292084, -0.0016789974179118872, 0.006797808688133955, -0.0026898051146417856, 0.0011914916103705764, 0.030136724933981895, -0.0278321523219347, 0.009368293918669224, -0.002505711978301406, 0.022295722737908363, 0.015586550347507, 0.016909293830394745, 0.008966016583144665, -0.0119524160400033, -0.005662567913532257, 0.013466070406138897, -0.030245818197727203, 0.021409347653388977, -0.0006353769567795098, -0.008884197100996971, 0.022663908079266548, -0.004714829381555319, -0.02904580347239971, -0.0012929132208228111, -0.008570557460188866, 0.013343341648578644, -0.009293293580412865, 0.013343341648578644, 0.007513726595789194, 0.0012375148944556713, -0.0018068398348987103, -0.008666013367474079, 0.004251187201589346, -0.006876219063997269, -0.014072895981371403, 0.006293257232755423, 0.006951219867914915, 0.011066041886806488, -0.015600187703967094, 0.009000107645988464, -0.012484240345656872, 0.02910034917294979, -0.014386536553502083, 0.004851194564253092, 0.004390961956232786, -0.02176389843225479, -0.017032023519277573, -0.0075955456122756, -0.019363868981599808, -0.03531860560178757, 0.004363688640296459, 0.018068399280309677, -0.013022883795201778, 0.007861457765102386, -0.012341056950390339, -0.01599564589560032, -0.004888695199042559, 0.010397852398455143, -0.008625103160738945, -0.023359371349215508, 0.014577447436749935, 0.00795009545981884, -0.02385028637945652, 0.002514234744012356, 0.004973923321813345, 0.005417110398411751, -0.007691001519560814, -0.03711862862110138, -0.006988720037043095, -0.014400172978639603, 0.015709279105067253, 0.003548906184732914, 0.008522829972207546, -0.0021341165993362665, -0.014072895981371403, 0.0158456452190876, 0.019472960382699966, -0.000905124528799206, -0.007036447990685701, 0.008263735100626945, -0.013363797217607498, -0.006412576884031296, -0.013152430765330791, -0.02112298086285591, 0.020386608317494392, -0.00578188756480813, -0.009641025215387344, 0.0012690493604168296, 0.009293293580412865, 0.0046330103650689125, -0.004196641501039267, -0.001379846129566431, -0.020018422976136208, -0.004254596307873726, 0.007561454549431801, -0.001861386001110077, -0.005263699684292078, -0.02382301352918148, -0.015382003039121628, 0.02904580347239971, 0.005710295867174864, 0.00190229550935328, 0.02243208698928356, 0.02247299626469612, 0.018191127106547356, -0.01786385104060173, -0.00208468409255147, -0.02179117128252983, 0.03046400286257267, -0.0005880752578377724, 0.0014071192126721144, -0.021654805168509483, -0.0030051497742533684, -0.019595690071582794, -0.013166067190468311, 0.012136509642004967, -0.020400244742631912, 0.016145648434758186, -0.023454826325178146, -0.0011190475197508931, -0.0035625428427010775, 0.01992296613752842, 0.0012613787548616529, 0.00830464530736208, -0.002631849842146039, 0.006490986794233322, 0.004926195368170738, -0.014345626346766949, 0.004012548364698887, -0.0005646374775096774, -0.02319573238492012, -0.02577303722500801, 0.00577847845852375, -0.007575090974569321, 0.005590976215898991, -0.007002356927841902, -0.02858216129243374, -0.018136581405997276, -0.00579211488366127, 0.0166365634649992, 0.0231820959597826, -0.003760272404178977, -0.02795488014817238, 0.0158456452190876, -0.005226199049502611, -0.005028469488024712, -0.0014659266453236341, -0.024341201409697533, 0.01028194185346365, -0.006538714747875929, 0.0058705247938632965, -0.013670618645846844, -0.021054798737168312, 0.0316912904381752, 0.011154679581522942, -0.013643345795571804, -0.001510245376266539, 0.005158016458153725, 0.0024716206826269627, 0.003937547095119953, -0.024163926020264626, -0.0039955023676157, 0.016991112381219864, -0.030900370329618454, 0.002345482585951686, 0.003109128214418888, 0.011672867462038994, -0.023332098498940468, -0.0030119679868221283, -0.006242120172828436, -0.018791135400533676, 0.0037977728061378, -0.005877343472093344, -0.001257969648577273, -0.004033003002405167, -0.013125157915055752, 0.002989808563143015, 0.00047600004472769797, -0.006995538715273142, -0.012559241615235806, -0.010009211488068104, 0.008761468343436718, -0.00998193770647049, 0.006852354854345322, -0.00048153987154364586, -0.0004636419180314988, -0.0026182131841778755, 0.015695642679929733, 0.01357516273856163, -0.006838718429207802, 0.012886518612504005, -0.002630145289003849, -0.025513943284749985, 0.0020932068582624197, -0.002122184494510293, 0.008713740855455399, 0.012756971642374992, 0.002342073479667306, -0.019513869658112526, -0.019091138616204262, 0.011734231375157833, 0.005246653687208891, -0.012818335555493832, -0.008031914941966534, 0.00594893516972661, -0.01914568431675434, 0.005025060381740332, 0.00996830128133297, 0.011331954039633274, -0.003463677829131484, -0.003586406586691737, 0.007888730615377426, -0.004489826504141092, -0.007731910794973373, -0.020236605778336525, -0.018695678561925888, -0.00395459309220314, -0.020727520808577538, 0.013186521828174591, 0.006102345883846283, -0.016145648434758186, 0.0006179051706567407, 0.003068218706175685, -0.003417654661461711, 0.003426177427172661, -0.01423653494566679, 0.01063649170100689, 0.020727520808577538, 0.009272838942706585, 0.0010866607772186399, -0.008993289433419704, -0.010950131341814995, -0.021422984078526497, 0.015163818374276161, 0.008352372795343399, -0.0037432266399264336, -0.005192107986658812, 0.02258208952844143, -0.006395531352609396, 0.038073185831308365, -0.009006925858557224, -0.006671670824289322, 1.5614090216331533e-06, 0.02708214335143566, 0.010841039009392262, -0.009361475706100464, -0.002596053993329406, 0.0027852607890963554, 0.002861966146156192, 0.008563739247620106, -0.00579552398994565, 0.004373915959149599, 0.0034875418059527874, 0.0043330066837370396, 0.0224593598395586, -0.0012187645770609379, 0.011154679581522942, 0.010718310251832008, 0.024818480014801025, -0.002415369963273406, 0.022895729169249535, -0.007179631851613522, 0.023018458858132362, -0.0034704962745308876, 0.021545713767409325, -0.0025738945696502924, 0.0122796930372715, 0.01225923839956522, 0.008229644037783146, 0.018845681101083755, 0.024382110685110092, -0.0020165015012025833, 0.012797880917787552, -0.014331989921629429, -0.017618393525481224, 0.0030341274105012417, -0.016091102734208107, -0.01795930601656437, -0.0046330103650689125, 0.026373043656349182, 0.005008014850318432, -0.00596938980743289, 0.0021017298568040133, -0.00580575130879879, -0.01390243973582983, 0.004994377959519625, -0.029509445652365685, 0.014591083861887455, 0.02057752013206482, -0.024313928559422493, 0.0018937727436423302, 0.01662292703986168, 0.023495737463235855, -0.016186557710170746, -0.00010994449985446408, 0.033409491181373596, -0.0007056902977637947, 0.007868275977671146, -0.00790918618440628, -0.012559241615235806, -0.029373079538345337, 0.010956949554383755, -0.007431907579302788, -0.00200286484323442, -0.015122909098863602, -0.003917092457413673, -0.0271775983273983, -0.0040739127434790134, 0.0436096154153347, -0.002507416531443596, 0.027463965117931366, 0.0014650743687525392, 0.01553200464695692, -0.022159356623888016, -0.006378485821187496, 0.0126410610973835, 0.005031878594309092, -0.0014565516030415893, 0.006040981505066156, 0.00956602394580841, 0.02263663522899151, 0.012034235522150993, 0.0046125552617013454, -0.0037773181684315205, 0.024327564984560013, 0.030627639964222908, 0.01360243558883667, -0.00198752386495471, 0.011522865854203701, 0.009361475706100464, 0.00955920573323965, -0.00923192873597145, 0.0025755991227924824, -0.007336451672017574, -0.01797294244170189, 0.025377577170729637, -0.029673082754015923, -0.002113661728799343, -0.012525150552392006, -0.00996830128133297, 0.007411452475935221, 0.009184201247990131, 0.0037977728061378, -0.008543284609913826, -0.020113877952098846, -0.0005471656331792474, -0.0369277149438858, 0.0002693214046303183, -0.025350304320454597, -0.019595690071582794, -0.007854639552533627, 0.007220541127026081, 0.005376201122999191, -0.00032685050973668694, -0.028882164508104324, -0.008672831580042839, -0.01153650227934122]"
